{
    "formulier": {
        "titel": "Afsluiting fase 2",
        "beschrijving": "dit formulier gaat je helpen om te komen tot een a",
        "subtitel_A": "Checklist",
        "subtitel_A_info": "samen met coach invullen",
        "subtitel_B": "Review Fase 2",
        "subtitel_B_info": "Maak een afspraak met de desbetrefende docent en laat hem de beoordeling en feedback invullen.<br> Bespreek deze zodat je ook begrijpt hoe de feedback tot stand is gekomen",
        "subtitel_C": "Terugkoppeling Fase 2",
        
        "deel_A": [
            {
                "vraag": "wat is je leerling nummer",
                "antwoorden": [
                    {
                        "label": "studentnummer",
                        "name": "student nummer",
                        "type": "number"
                    }
                ]
            },
            {
                "vraag": "coach",
                "antwoorden": [
                    {
                        "label": "Coach",
                        "name": "coach_name",
                        "type": "text"
                    }
                ]
            },
            {
                "vraag": "datum",
                "antwoorden": [
                    {
                        "label": "datum",
                        "name": "date_name",
                        "type": "date"
                    }
                ]
            }
        ],

        "deel_B": [
            {
                "vraag": "Vormgeven input veld",
                "antwoorden": [
                    {
                        "label": "vormgeven:",
                        "name": "vormgeven_name",
                        "type": "text"
                    }
                ]
            },
            {
                "vraag": "Techniek input veld",
                "antwoorden": [
                    {
                        "label": "Techniek:",
                        "name": "techniek_name",
                        "type": "text"
                    }
                ]
            },
            {
                "vraag": "Tools input veld",
                "antwoorden": [
                    {
                        "label": "Tools:",
                        "name": "techniek_name",
                        "type": "text"
                    }
                ]
            },
            {
                "vraag": "Softskills input veld",
                "antwoorden": [
                    {
                        "label": "Tools:",
                        "name": "techniek_name",
                        "type": "text"
                    }
                ]
            },
            {
                "vraag": "AVO input veld",
                "antwoorden": [
                    {
                        "label": "AVO: (Nederlands, Engels, rekenen)",
                        "name": "AVO_name",
                        "type": "text"
                    }
                ]
            },
            {
                "vraag": "vul hier je bijzondere kwaliteiten in",
                "antwoorden": [
                    {
                        "label": "Evt. bijzondere kwaliteiten",
                        "name": "kwaliteiten_name",
                        "type": "text"
                    }
                ]
            }
        ],


        "deel_C": [
            {
                "vraag": "vraag 1 deel c",
                "antwoorden": [
                    {
                        "label": "Je hebt een beeld van het profiel webdesigner",
                        "name": "vraag1C_name",
                        "type": "text"
                    }
                ]
            },
            {
                "vraag": "vraag 2 deel c",
                "antwoorden": [
                    {
                        "label": "Je weet waar je staat T.O.V het beeld van een webdesigner.",
                        "name": "vraag2C_name",
                        "type": "text"
                    }
                ]
            },
            {
                "vraag": "vraag 3 deel c",
                "antwoorden": [
                    {
                        "label": "Je bent op het niveau van een beginnend webdesigner.",
                        "name": "vraag1C_name",
                        "type": "text"
                    }
                ]
            },
            {
                "vraag": "doorgroei advies",
                "antwoorden": [
                    {
                        "label": "Doorgroei advies",
                        "name": "advies_name",
                        "type": "text"
                    }
                ]
            },
            {
                "vraag": "handtekening docent",
                "antwoorden": [
                    {
                        "label": "Handtekening assesor",
                        "name": "handtekening_name",
                        "type": "text"
                    }
                ]
            },
            {
                "vraag": "handtekening leerling",
                "antwoorden": [
                    {
                        "label": "Handtekening leerling",
                        "name": "handtekening_name",
                        "type": "text"
                    }
                ]
            }

        ],



        "checkboxen": [
            {
                "checkbox": [
                    {
                        "label": "Startportfolio",
                        "type": "checkbox",
                        "name":"startportfolio_name_f1"
                    }
                ]
            },
            {
                "checkbox": [
                    {
                        "label": "Challenge 1 (interactie)",
                        "type": "checkbox",
                        "name":"challenge_name_f1"
                    }
                ]
            },
            {
                "checkbox": [
                    {
                        "label": "Onderzoek",
                        "type": "checkbox",
                        "name":"onderzoek_name_f1"
                    }
                ]
            },
            {
                "checkbox": [
                    {
                        "label": "Loopbaan reflectie 1",
                        "type": "checkbox",
                        "name":"loopbaan_name_f1"
                    }
                ]
            },
            {
                "checkbox": [
                    {
                        "label": "Kennismakings opdrachten (poster van jezelf, website vd werkgroep en netwerkopdracht)",
                        "type": "checkbox",
                        "name":"kennismakings_name_f1"
                    }
                ]
            },
            {
                "checkbox": [
                    {
                        "label": "Tools (Illustrator en Photoshop)",
                        "type": "checkbox",
                        "name":"tools_name_f1"
                    }
                ]
            },
            {
                "checkbox": [
                    {
                        "label": "Vormgeven",
                        "type": "checkbox",
                        "name":"vormgeven_name_f1"
                    }
                ]
            },
            {
                "checkbox": [
                    {
                        "label": "Webtechnieken",
                        "type": "checkbox",
                        "name":"webtechnieken_name_f1"
                    }
                ]
            },
            {
                "checkbox": [
                    {
                        "label": "Reviews van de docenten",
                        "type": "checkbox",
                        "name":"review_docenten_name_f1"
                    }
                ]
            }
        ]



    }
}