{
    "formulier": {
        "titel": "Afsluiting fase 3",
        "beschrijving": "dit formulier gaat je helpen om te komen tot een a",
        "subtitel_A": "Checklist",
        "subtitel_A_info": "samen met coach invullen",
        "subtitel_B": "Review Fase 3",
        "subtitel_B_info": "Maak op school of tijdens de les een afspraak met de desbetrefende docent en laat hem de beoordeling en feedback invullen.<br> Bespreek deze zodat je ook begrijpt hoe de feedback tot stand is gekomen",
        "subtitel_C": "Terugkoppeling Fase 3 ",
        
        "deel_A": [
            {
                "vraag": "wat is je leerling nummer",
                "antwoorden": [
                    {
                        "label": "studentnummer",
                        "name": "student nummer",
                        "type": "number"
                    }
                ]
            },
            {
                "vraag": "coach",
                "antwoorden": [
                    {
                        "label": "Coach",
                        "name": "coach_name",
                        "type": "text"
                    }
                ]
            },
            {
                "vraag": "datum",
                "antwoorden": [
                    {
                        "label": "datum",
                        "name": "date_name",
                        "type": "date"
                    }
                ]
            }
        ],

        "deel_B": [
            {
                "vraag": "Vormgeven input veld",
                "antwoorden": [
                    {
                        "label": "vormgeven:",
                        "name": "vormgeven_name",
                        "type": "text"
                    }
                ]
            },
            {
                "vraag": "Techniek input veld",
                "antwoorden": [
                    {
                        "label": "Techniek:",
                        "name": "Techniek_name",
                        "type": "text"
                    }
                ]
            },
            {
                "vraag": "ondernemen input veld",
                "antwoorden": [
                    {
                        "label": "ondernemen:",
                        "name": "ondernemen_name",
                        "type": "text"
                    }
                ]
            },
            {
                "vraag": "Softskills input veld",
                "antwoorden": [
                    {
                        "label": "Tools:",
                        "name": "techniek_name",
                        "type": "text"
                    }
                ]
            },
            {
                "vraag": "AVO input veld",
                "antwoorden": [
                    {
                        "label": "AVO: (Nederlands, Engels, rekenen)",
                        "name": "AVO_name",
                        "type": "text"
                    }
                ]
            },
            {
                "vraag": "vul hier je bijzondere kwaliteiten in",
                "antwoorden": [
                    {
                        "label": "Evt. bijzondere kwaliteiten",
                        "name": "kwaliteiten_name",
                        "type": "text"
                    }
                ]
            }
        ],


        "deel_C": [
            {
                "vraag": "vraag 1 deel c",
                "antwoorden": [
                    {
                        "label": "Je hebt aangetoond dat je klaar bent om voor klanten te werken",
                        "name": "vraag1C_name",
                        "type": "text"
                    }
                ]
            },
            {
                "vraag": "vraag 2 deel c",
                "antwoorden": [
                    {
                        "label": "Je weet waar je kwaliteiten en je ontwikkelpunten liggen",
                        "name": "vraag2C_name",
                        "type": "text"
                    }
                ]
            },
            {
                "vraag": "vraag 3 deel c",
                "antwoorden": [
                    {
                        "label": "Je kunt dit vertalen naar leerdoelen",
                        "name": "vraag3C_name",
                        "type": "text"
                    }
                ]
            },
            {
                "vraag": "vraag 4 deel c",
                "antwoorden": [
                    {
                        "label": "Je kan met collega's samenwerken aan een product",
                        "name": "vraag4C_name",
                        "type": "text"
                    }
                ]
            },
            {
                "vraag": "vraag 5 deel c",
                "antwoorden": [
                    {
                        "label": "Je kan professioneel handelen en weet wanneer je welke tool in kan zetten",
                        "name": "vraag5C_name",
                        "type": "text"
                    }
                ]
            },
            {
                "vraag": "doorgroei advies",
                "antwoorden": [
                    {
                        "label": "Doorgroei advies",
                        "name": "advies_name",
                        "type": "text"
                    }
                ]
            },
            {
                "vraag": "handtekening docent",
                "antwoorden": [
                    {
                        "label": "Handtekening assesor",
                        "name": "handtekening_name",
                        "type": "text"
                    }
                ]
            },
            {
                "vraag": "handtekening leerling",
                "antwoorden": [
                    {
                        "label": "Handtekening leerling",
                        "name": "handtekening_name",
                        "type": "text"
                    }
                ]
            }

        ]
    }
}